name,percussion,name group,instrument,pitch,sustained,lowlevel.spectral_centroid.mean,lowlevel.spectral_centroid.max,lowlevel.spectral_centroid.min,lowlevel.spectral_centroid.stdev,lowlevel.spectral_flux.max,lowlevel.spectral_flux.mean,lowlevel.spectral_flux.min,lowlevel.spectral_flux.stdev,lowlevel.spectral_rms.max,lowlevel.spectral_rms.mean,lowlevel.spectral_rms.min,lowlevel.spectral_rms.stdev,lowlevel.spectral_spread.max,lowlevel.spectral_spread.mean,lowlevel.spectral_spread.min,lowlevel.spectral_spread.stdev,lowlevel.zerocrossingrate.max,lowlevel.zerocrossingrate.mean,lowlevel.zerocrossingrate.min,lowlevel.zerocrossingrate.stdev,lowlevel.barkbands_flatness_db.max,lowlevel.barkbands_flatness_db.mean,lowlevel.barkbands_flatness_db.min,lowlevel.barkbands_flatness_db.stdev,lowlevel.erbbands_flatness_db.max,lowlevel.erbbands_flatness_db.mean,lowlevel.erbbands_flatness_db.min,lowlevel.erbbands_flatness_db.stdev,lowlevel.melbands_flatness_db.max,lowlevel.melbands_flatness_db.mean,lowlevel.melbands_flatness_db.stdev,lowlevel.melbands_flatness_db.min,centroid,effectiveduration,logattacktime.logpoint1,logattacktime.logpoint2,logattacktime.logpoint3,logattacktime.decimalpoint1,logattacktime.decimalpoint2,logattacktime.decimalpoint3
acco_gref_mg_qu_mf_sol2_12,nonpercussive,string,acco,high,sustained,1138.28369140625,2473.15087890625,156.627182006836,292.812438964844,0.040295336395502,0.011141032911837,0.001294645946473,0.006938108708709,0.008721834979951,0.004598391242325,5.47491035831627E-05,0.003561501624063,14215889,4534522.5,1557293.375,2201000.25,0.074615381658077,0.032965928316116,0,0.019539389759302,0.562210500240326,0.2390146702528,0.090138383209705,0.110091283917427,0.326180011034012,0.183289349079132,0.037577174603939,0.071107119321823,0.60712742805481,0.293242305517197,0.122757412493229,0.134718909859657,0.42062109708786,4.38764190673828,-0.594871759414673,0.162086173892021,0.41625851392746,0.254172312710777,1.4523997781113,2.60770532552391
acco_gref_mg_qu_mf_sol3_12,nonpercussive,string,acco,high,sustained,1241.33544921875,2356.66821289062,357.125671386719,265.986511230469,0.088190488517284,0.018297746777535,0.001079336740077,0.012894919142127,0.008726850152016,0.005368372425437,3.00470892398152E-05,0.002752590924501,21066334,4006806.75,2020748,2094200.125,0.079999998211861,0.041830778121948,0,0.024628741666675,0.693929672241211,0.307212233543396,0.106879100203514,0.124515041708946,0.359486311674118,0.233604595065117,0.056239202618599,0.069021716713905,0.722905695438385,0.349328577518463,0.127376079559326,0.195562571287155,0.491362929344177,5.60306119918823,0.267533540725708,0.203265309333801,2.05480718612671,1.85154188395769,1.59685436337424,113.450701636707
acco_gref_mg_qu_mf_sol4_12,nonpercussive,string,acco,high,sustained,1429.01037597656,2341.86254882812,367.067810058594,361.526184082031,0.089797481894493,0.020562402904034,0.001296920003369,0.015468730591238,0.008222000673413,0.004526502452791,0.000191265382455,0.002590809483081,11323754,4065754.5,1468155.25,2513883.75,0.106153845787048,0.042545765638352,0,0.029697887599468,0.659662008285522,0.407162815332413,0.19828599691391,0.070402726531029,0.436013996601105,0.302292823791504,0.042356830090284,0.142177522182465,0.698521614074707,0.450265526771545,0.071379370987415,0.297514885663986,0.455809146165848,4.95807266235352,0.249777749180794,0.125963717699051,1.90333330631256,1.77736960583662,1.3364838578974,80.0448336333894
acco_gref_mg_qu_mf_sol5_1,nonpercussive,string,acco,high,sustained,2069.74438476563,3383.57568359375,453.510070800781,704.229248046875,0.116443879902363,0.037209339439869,0.006033534184098,0.022307865321636,0.008463741280139,0.004872144199908,3.89837332477327E-05,0.002171713160351,15816466,4454083.5,2376693.75,2490149,0.143076926469803,0.053337179124355,0,0.037076611071825,0.549532890319824,0.36516746878624,0.118252776563168,0.053372837603092,0.430231720209122,0.282909244298935,0.036726336926222,0.147732749581337,0.585592091083527,0.421191513538361,0.04913804680109,0.185722634196281,0.473889201879501,4.873854637146,0.414442747831345,0.044761903584004,2.64158725738525,2.59682538456534,1.10856689096145,438.114127147122
acco_gref_mg_se_mf_sol0_12,nonpercussive,string,acco,high,sustained,663.40966796875,2131.09692382812,350.994567871094,313.300201416016,0.145508959889412,0.06823193281889,0.001800521742553,0.046166617423296,0.010950057767332,0.005463004112244,0.000126395869302,0.003888983512297,18837970,3432263.25,881892.3125,3009854,0.052307691425085,0.018449164927006,0,0.008125861175358,0.513209462165833,0.27800914645195,0.10452526062727,0.071068868041039,0.331285178661346,0.214193820953369,0.042990423738957,0.102631062269211,0.582215547561646,0.373782366514206,0.064835257828236,0.211608976125717,0.469281584024429,5.01176881790161,0.241459473967552,0.323446720838547,2.06709742546082,1.74365064174531,2.10594352640622,116.707139730666
acco_gref_mg_se_mf_sol1_12,nonpercussive,string,acco,high,sustained,1011.0322265625,2543.71411132812,373.540802001953,235.796188354492,0.059532340615988,0.014800759963691,0.000760503462516,0.009155083447695,0.009444190189242,0.005568056832999,1.8883683878812E-05,0.003678153734654,8567598,3792511,1018279.5,2183453.75,0.051538459956646,0.028699746355414,0,0.014537268318236,0.619271159172058,0.21246463060379,0.114489115774632,0.11626410484314,0.302034169435501,0.188564270734787,0.03949012234807,0.06618832051754,0.648996531963348,0.274437010288238,0.12004042416811,0.180864468216896,0.429409921169281,5.42866230010986,-0.591513931751251,0.10489796102047,0.361043095588684,0.256145109387084,1.27320390224354,2.29637650914132
acco_gref_mg_se_mf_sol2_12,nonpercussive,string,acco,high,sustained,1078.25280761719,1840.79345703125,354.374420166016,231.995986938477,0.058910772204399,0.011588814668357,0.001010166830383,0.007467682939023,0.008494793437421,0.005251065362245,9.8937722214032E-05,0.003467910690233,16401249,3775956.5,1502965.75,2352171.25,0.063846156001091,0.034534938633442,0,0.016003986820579,0.511137902736664,0.229433044791222,0.112445078790188,0.079836994409561,0.298685193061829,0.205217078328133,0.040458675473929,0.080637633800507,0.548448324203491,0.282917320728302,0.091242887079716,0.19055587053299,0.469301372766495,4.80201816558838,0.04183116927743,0.184988662600517,1.28609979152679,1.10111117254765,1.53104749266482,19.3241229277017
acco_gref_mg_se_mf_sol3_12,nonpercussive,string,acco,high,sustained,777.677368164063,2040.57092285156,196.096969604492,237.362014770508,0.039764661341906,0.011430063284934,0.00157448311802,0.006356166210026,0.008713922463357,0.005209899507463,7.5759096944239E-05,0.003542945021763,29141800,3923167.75,1233060.75,2730888,0.061538461595774,0.022384736686945,0,0.012806734070182,0.568402230739594,0.3229159116745,0.145909354090691,0.069379791617394,0.383531749248505,0.246944859623909,0.046555303037167,0.096663519740105,0.626338362693787,0.384502857923508,0.085436835885048,0.249500676989555,0.439197361469269,5.97630405426025,0.024021906778216,0.143560096621513,1.20043087005615,1.05687081878048,1.39174636802157,15.8646636897748
acco_gref_mg_se_mf_sol4_12,nonpercussive,string,acco,high,sustained,1268.52111816406,2373.95043945312,314.078308105469,362.546569824219,0.041216988116503,0.006578949280083,0.000541989109479,0.004591889679432,0.008432333357632,0.004443140234798,9.45226565818302E-05,0.00328803434968,14828969,3880951.5,1168558.75,2631666,0.107692308723927,0.032209984958172,0,0.022146284580231,0.535731434822083,0.407875388860703,0.187065646052361,0.063280075788498,0.474504411220551,0.325824409723282,0.045432265847921,0.162946328520775,0.614951491355896,0.471406012773514,0.057516977190971,0.269428312778473,0.410480678081512,4.23231315612793,-0.527001619338989,0.13984127342701,0.437006801366806,0.297165495140913,1.3798798519553,2.7353115629357
bsn_gref_mf_sol1_12,nonpercussive,wind,bsn,high,sustained,554.801452636719,1721.30493164063,448.008392333984,160.970123291016,0.117347858846188,0.01009498629719,0.000186739023775,0.00762815726921,0.009405734017491,0.006109557114542,1.37396809805068E-05,0.00333145679906,13350364,1513828.75,258280.8125,2690560,0.047692306339741,0.020914247259498,0,0.005670594517142,0.483107924461365,0.422771126031876,0.14691598713398,0.064511269330978,0.517838299274445,0.424186080694199,0.040451195091009,0.147749617695808,0.597247540950775,0.527090728282928,0.067632749676704,0.251269936561584,0.453490734100342,6.31222200393677,-0.613353490829468,0.139569163322449,0.383151918649674,0.243582738732308,1.3790155498251,2.41630592401502
bsn_gref_mf_sol2_12,nonpercussive,wind,bsn,high,sustained,619.28173828125,2883.580078125,442.016479492188,315.815551757812,0.123289182782173,0.00322726694867,0.000106836057967,0.006353180389851,0.009219387546182,0.006113762035966,3.18961042466981E-06,0.00330587499775,24942594,1501600.75,384532.65625,2462152.5,0.066923074424267,0.025519283488393,0.000769230769947,0.006161411292851,0.504096925258637,0.421677440404892,0.07582001388073,0.09212938696146,0.514882147312164,0.426122725009918,0.042649790644646,0.140587359666824,0.563797533512116,0.501070082187653,0.083806052803993,0.146149009466171,0.463946372270584,6.44818592071533,-0.226767644286156,0.16147392988205,0.754716575145721,0.593242635653533,1.45035370889494,5.68481812931904
bsn_gref_mf_sol3_12,nonpercussive,wind,bsn,high,sustained,762.465454101563,1315.00366210938,343.631042480469,84.9899673461914,0.1351677775383,0.004500609822571,0.000420462951297,0.008212440647185,0.009368005208671,0.006826096214354,4.44319994130638E-05,0.003140424145386,15739675,1717089.75,616965.5625,2063110.625,0.05615384504199,0.033200267702341,0.002307692309842,0.007106634322554,0.495450526475906,0.419751197099686,0.106791481375694,0.075410023331642,0.513415932655335,0.438336819410324,0.039755564182997,0.119999878108501,0.549702763557434,0.478751212358475,0.056752480566502,0.206969007849693,0.486833065748215,6.12913846969605,-0.1126404479146,0.14240363240242,0.913945555686951,0.771541963753422,1.38804527601231,8.20248709321082
cb_d_gref_mf_sol1_12,nonpercussive,string,cb,low,sustained,213.579849243164,1603.68469238281,108.043632507324,117.349754333496,0.130941763520241,0.029412981122732,0.000509370293003,0.032379157841206,0.022107303142548,0.006914828438312,3.28069691022392E-05,0.006759327370673,19182544,2946904.25,503265.59375,2542385,0.030769230797887,0.007952234707773,0.000769230769947,0.004875857383013,0.606238603591919,0.376703500747681,0.193770632147789,0.067726090550423,0.41022327542305,0.24293340742588,0.047011073678732,0.055339194834232,0.768239438533783,0.509203672409058,0.077632062137127,0.312455713748932,0.390908926725388,5.14412689208984,-0.205263882875442,0.156825393438339,0.780181407928467,0.623355961344026,1.43491241590165,6.02811332121379
cb_d_gref_mf_sol2_12,nonpercussive,string,cb,low,sustained,346.056884765625,1771.43322753906,209.191635131836,157.5537109375,0.066312186419964,0.006025552283973,0.000537420157343,0.005805416963995,0.010440004058182,0.003951652441174,5.13140839757398E-05,0.003729944583029,24190328,3109568.5,578303.6875,2835633.5,0.04076923057437,0.010049586184323,0.000769230769947,0.004106156062335,0.491784155368805,0.348776698112488,0.173346847295761,0.049627467989922,0.396897435188294,0.259938418865204,0.047558713704348,0.088285855948925,0.593240737915039,0.458436459302902,0.056850954890251,0.278168141841888,0.379810184240341,4.7039680480957,-0.367907822132111,0.193786844611168,0.622426331043243,0.428639488353542,1.56238062485976,4.19204881330889
cb_g_gref_mf_sol1_12,nonpercussive,string,cb,low,not sustained,213.255981445312,2004.0927734375,102.452865600586,134.530532836914,0.117881625890732,0.009368438273668,0.000716643873602,0.010162713006139,0.020372753962875,0.004357769619673,8.00826310296543E-05,0.00626966310665,24832538,3740658.5,514326.71875,2396194.75,0.029230769723654,0.007945555262268,0,0.004533657804132,0.568303167819977,0.413825571537018,0.187046661973,0.07527120411396,0.458198428153992,0.259020388126373,0.050715539604426,0.084980465471745,0.714314758777618,0.550695478916168,0.085886843502522,0.296609550714493,0.236943930387497,4.42734670639038,0.370191156864166,0.14954648911953,2.49480724334717,2.34526086634171,1.41106327585906,312.469220031044
cb_g_gref_mf_sol2_12,nonpercussive,string,cb,low,sustained,307.768920898437,1765.50988769531,133.69580078125,139.393341064453,0.091136552393437,0.007930899038911,0.000389591034036,0.008673224598169,0.011405581608415,0.005403651855886,3.58194229193032E-05,0.003913960419595,14710737,2927370,497965.40625,2498376.25,0.050769232213497,0.010234354063869,0.000769230769947,0.005614205263555,0.518684506416321,0.339830130338669,0.177386671304703,0.055922370404005,0.421332448720932,0.256921917200088,0.048310827463865,0.08054231107235,0.615936279296875,0.444137215614319,0.064823232591152,0.294187605381012,0.471976488828659,4.35757350921631,-0.09042214602232,0.124943308532238,0.936984121799469,0.812040806715431,1.33334736973242,8.64936295341419
cb_g_gref_mf_sol3_12,nonpercussive,string,cb,high,sustained,636.32958984375,999.899963378906,295.572540283203,150.744201660156,0.053562890738249,0.012236146256328,0.001168219489045,0.00723189720884,0.009953298605978,0.004736094735563,8.3879342128057E-05,0.003414774313569,8391224,3276063,876135.5625,2462734,0.076153844594956,0.030980324372649,0,0.016507156193256,0.480196386575699,0.302193135023117,0.180222481489182,0.045136772096157,0.402571111917496,0.271630138158798,0.053576666861773,0.089710481464863,0.573445022106171,0.369941353797913,0.060553573071957,0.27800241112709,0.463559120893478,4.13716554641724,-0.197047933936119,0.173990935087204,0.809251725673676,0.635260812996903,1.49276325120493,6.44542746993711
clsb_gref_mf_sol2_12,nonpercussive,string,clsb,high,sustained,512.875915527344,1758.88696289063,206.03239440918,215.783950805664,0.035875979810953,0.004290333949029,0.000565001508221,0.002718332922086,0.009828089736402,0.007380188442767,3.16860205202829E-05,0.002982658101246,13584153,1739790.5,661038.0625,2055860.25,0.071538463234902,0.028249889612198,0.00846153870225,0.009571553207934,0.463077634572983,0.332233667373657,0.072473511099815,0.054938279092312,0.384699165821075,0.325029462575912,0.031091015785933,0.076734140515328,0.576709151268005,0.419584929943085,0.054519806057215,0.175502151250839,0.474987834692001,7.37961435317993,-0.2422975897789,0.236122444272041,0.80852609872818,0.572403670816725,1.72235410422191,6.4346673266931
clsb_gref_mf_sol3_12,nonpercussive,string,clsb,high,sustained,1042.82006835938,3083.84887695312,424.174194335938,246.572265625,0.06149622052908,0.005273332353681,0.000362543709343,0.004106844775379,0.009992417879403,0.006873931270093,3.65742707799654E-05,0.002881353255361,22429752,1688111.5,701039.5,2136898.25,0.084615387022495,0.052235085517168,0.003076923079789,0.01112337037921,0.486554771661758,0.401898801326752,0.106230393052101,0.070596717298031,0.557814478874207,0.441032350063324,0.038073547184467,0.103069230914116,0.495293408632278,0.435938209295273,0.052933160215616,0.179542124271393,0.499770790338516,7.01852607727051,-0.225921869277954,0.172743767499924,0.767142832279205,0.594399082959092,1.48848261811187,5.84982443570793
clsb_gref_mf_sol4_12,nonpercussive,string,clsb,high,sustained,1079.12683105469,2851.42749023438,633.877746582031,238.626220703125,0.079233713448048,0.002585277426988,0.000215880063479,0.00396294426173,0.008960482664406,0.00559243420139,1.40502870635828E-05,0.002962312661111,10330203,2084967.5,613643.125,2592771.5,0.078461535274983,0.037026736885309,0.000769230769947,0.010554721578956,0.64121925830841,0.516114950180054,0.071505926549435,0.137012124061585,0.607733070850372,0.483815044164658,0.033408172428608,0.169915452599525,0.668696641921997,0.556214272975922,0.114198662340641,0.108547642827034,0.463896542787552,6.85662126541138,0.343888461589813,0.305850327014923,2.51328802108765,2.20743773130629,2.02232209602643,326.052865313159
clsb_gref_mf_sol5_12,nonpercussive,string,clsb,high,sustained,2045.5634765625,3649.28735351562,681.761962890625,348.222930908203,0.080547101795673,0.002874296158552,0.000142614677316,0.004136660601944,0.010485257022083,0.003798197489232,9.52065965975635E-06,0.002472281455994,15221007,2480260.25,734360.4375,2087323.875,0.106153845787048,0.066974177956581,0,0.012765916995704,0.743902862071991,0.550909757614136,0.081033684313297,0.134800493717194,0.687491238117218,0.506198704242706,0.034118782728911,0.152989208698273,0.741985499858856,0.57614004611969,0.113008543848991,0.188466742634773,0.459610462188721,6.75945568084717,-0.596229910850525,0.514535129070282,0.767913818359375,0.253378691571012,3.26990495265054,5.86021862467747
fltu_gref_mf_sol3_12,nonpercussive,wind,fltu,high,sustained,627.670043945313,2687.2998046875,401.151947021484,189.128311157227,0.032480549067259,0.004854667931795,0.000245932606049,0.00375701719895,0.009019036777318,0.006619120482355,6.8091981120233E-06,0.003096381900832,10478036,1934022.5,742533.125,1895784.25,0.102307692170143,0.030041282996535,0.017692307010293,0.013730327598751,0.518841862678528,0.389247685670853,0.041604816913605,0.092333018779755,0.500316858291626,0.383195459842682,0.04309643059969,0.100683592259884,0.591779589653015,0.454070955514908,0.07793091237545,0.118722438812256,0.515078783035278,7.67371892929077,0.561028361320496,0.285578221082687,3.92496609687805,3.6393880213948,1.93009293527317,8413.29460845931
fltu_gref_mf_sol4_12,nonpercussive,wind,fltu,high,sustained,870.175598144531,1865.6953125,341.425994873047,129.874740600586,0.077308692038059,0.003302780678496,0.000152228196384,0.005287792533636,0.00941201671958,0.006793503649533,1.15288082724874E-06,0.003327333834022,11636797,2119514.75,565449.625,2128822,0.110769227147102,0.036954313516617,0.009999999776483,0.007702292408794,0.613166630268097,0.506959855556488,0.05488907545805,0.133908241987228,0.615456938743591,0.503306925296783,0.043417163193226,0.159610584378243,0.650728046894074,0.557090401649475,0.112544253468513,0.152222454547882,0.49502232670784,7.59716558456421,-1.27097463607788,0.371156454086304,0.424739241600037,0.053582795033909,2.35047942584765,2.65912799100598
fltu_gref_mf_sol5_12,nonpercussive,wind,fltu,high,sustained,1563.85046386719,5554.1689453125,508.3359375,251.132781982422,0.122219726443291,0.003604459576309,8.22479923954234E-05,0.006851555313915,0.011646411381662,0.005845137871802,4.29300598625559E-06,0.003278167452663,16555825,2316770.5,388113.1875,2472856.75,0.496923089027405,0.071764647960663,0.000769230769947,0.036117937415838,0.667827665805817,0.518954277038574,0.069124177098274,0.14195704460144,0.698569178581238,0.545440375804901,0.038953647017479,0.182622075080872,0.696104288101196,0.55261242389679,0.120131969451904,0.074298538267613,0.500985443592072,7.63433122634888,-1.47919428348541,0.485351473093033,0.518526077270508,0.033174601635942,3.05739445150254,3.3000922276405
gui_gref_a_mf_sol2_12,nonpercussive,string,gui,high,not sustained,492.288543701172,2085.95434570312,229.503341674805,224.441864013672,0.328838795423508,0.005544167943299,5.5630302085774E-05,0.022489752620459,0.019267046824098,0.001493261544965,4.46409239884815E-06,0.003330490551889,15137723,2499998.25,257776.640625,2500927,0.215384617447853,0.025684548541904,0.000769230769947,0.021938137710095,0.502356112003326,0.357181876897812,0.044991984963417,0.088899500668049,0.528816640377045,0.338154673576355,0.050951965153217,0.130610242486,0.600653290748596,0.466806799173355,0.091822676360607,0.101698637008667,0.323299527168274,1.70185935497284,-1.00764989852905,0.311201810836792,0.4094557762146,0.098253968684819,2.04739581315731,2.56717678167696
gui_gref_b_mf_sol3_12,nonpercussive,string,gui,high,not sustained,592.275329589844,3113.19921875,391.683990478516,490.972412109375,0.373071610927582,0.003952603787184,6.18238118477166E-05,0.020921198651195,0.017815804108977,0.00171626068186,1.12752374548109E-07,0.003334269393235,35207840,3048900.75,227905.28125,3289415.25,0.157692313194275,0.022562859579921,0,0.017471790313721,0.66296249628067,0.4630047082901,0.058205679059029,0.142510592937469,0.605157434940338,0.413741707801819,0.03847823664546,0.164650067687035,0.746189117431641,0.561395823955536,0.142895057797432,0.137774124741554,0.337454050779343,1.78399097919464,-1.31626307964325,0.312789112329483,0.361065745353699,0.048276627137386,2.05489252497994,2.29649627521437
gui_gref_d_mf_sol2_12,nonpercussive,string,gui,high,not sustained,537.637023925781,1822.94677734375,300.387878417969,159.675888061523,0.20515763759613,0.003417209489271,6.52223607175983E-05,0.013688953593373,0.015534231439233,0.001443790155463,1.0046655916085E-06,0.002930519171059,20737526,2645732,216894.46875,2723933.25,0.061538461595774,0.022325677797198,0.001538461539894,0.009184115566313,0.546130537986755,0.380628913640976,0.100712910294533,0.104811936616898,0.533925414085388,0.356431066989899,0.053266305476427,0.140365496277809,0.624373435974121,0.480949521064758,0.108964458107948,0.194859445095062,0.299766391515732,1.85047614574432,-0.917222678661346,0.399591833353043,0.520589590072632,0.12099775747257,2.50952677311504,3.31580964184944
gui_gref_d_mf_sol3_12,nonpercussive,string,gui,high,not sustained,463.143920898438,1843.6376953125,318.5283203125,196.801300048828,0.31959930062294,0.004272954072803,3.95444913010579E-05,0.020759766921401,0.015988767147064,0.001540802768432,1.33510496880263E-07,0.00312874186784,26456104,2930784.25,255805.375,2992246.5,0.156153842806816,0.020168447867036,0,0.016600664705038,0.671968579292297,0.458293855190277,0.046574268490076,0.13716071844101,0.613678216934204,0.412360846996307,0.071512915194035,0.152368858456612,0.764421284198761,0.555155396461487,0.141251996159554,0.113710574805737,0.358927577733994,1.6975964307785,-1.36499977111816,0.209115639328957,0.252267569303513,0.043151930424697,1.61851094020132,1.78758857092111
gui_gref_el_mf_sol1_12,nonpercussive,string,gui,low,not sustained,288.268493652344,1538.37353515625,155.438858032227,136.514266967773,0.195183888077736,0.006682883016765,0.000404419959523,0.015224961563945,0.013441003859043,0.002434160327539,2.64904138020938E-05,0.002916475990787,7714921,1275435.75,192798.234375,1436238.375,0.046923078596592,0.008557451888919,0,0.005703365895897,0.589356005191803,0.454896837472916,0.182398453354835,0.056176856160164,0.451933681964874,0.35704442858696,0.060937281697989,0.08123179525137,0.673551321029663,0.599771320819855,0.067865960299969,0.267324417829514,0.346415430307388,1.95834469795227,-0.88461971282959,0.258049875497818,0.388480722904205,0.130430838781053,1.81154812353025,2.44613669659671
gui_gref_el_mf_sol2_12,nonpercussive,string,gui,high,not sustained,469.450714111328,2045.10791015625,262.826721191406,176.411987304688,0.476388871669769,0.008268320001662,0.00013961881632,0.03448573872447,0.027220472693443,0.001467299181968,5.4720926527807E-06,0.004151185508817,10795380,3559723.75,299237.1875,2810746,0.076923079788685,0.019668817520142,0,0.010905095376074,0.512494683265686,0.342734396457672,0.088999539613724,0.082742661237717,0.459908306598663,0.283012360334396,0.047997877001762,0.128426492214203,0.6137335896492,0.44737696647644,0.084852121770382,0.187911137938499,0.310099452733994,1.6292062997818,-1.04685306549072,0.206145122647285,0.295918375253677,0.089773247224509,1.60747831380011,1.97659810768746
gui_gref_e_mf_sol3_12,nonpercussive,string,gui,high,not sustained,706.130615234375,2679.47509765625,231.813812255859,412.707733154297,0.261317551136017,0.004603556357324,0.000121095610666,0.016873529180884,0.014512937515974,0.001068518147804,2.6411220233058E-07,0.002443327801302,25651988,4586440.5,535796.4375,3031517.25,0.124615386128426,0.0194106195122,0,0.013024941086769,0.668162286281586,0.373983502388,0.064980864524841,0.092019356787205,0.491207093000412,0.265878140926361,0.067415326833725,0.13841025531292,0.72339403629303,0.46573993563652,0.090719401836395,0.160841733217239,0.314384549856186,1.69689345359802,-1.18294012546539,0.212222218513489,0.277845799922943,0.065623573280052,1.6301299193275,1.89603259862677
gui_gref_e_mf_sol4_12,nonpercussive,string,gui,high,not sustained,1147.88647460938,2815.41845703125,171.608779907227,436.078338623047,0.256326496601105,0.007215751335025,0.000249329750659,0.025643818080425,0.017311614006758,0.001231642905623,2.56529619946377E-05,0.002527365926653,18692784,4635142.5,737718.125,2788713.75,0.121538460254669,0.033291716128588,0.000769230769947,0.01743427477777,0.565913021564484,0.320294857025146,0.09172734618187,0.09723299741745,0.530355036258698,0.271960198879242,0.069581553339958,0.159734189510345,0.611727178096771,0.400106102228165,0.094054125249386,0.174834862351418,0.373702377080917,1.65437638759613,-1.3350213766098,0.191179141402245,0.237414970993996,0.0462358262889,1.55302748355631,1.72748772858271
gui_gref_g_mf_sol2_12,nonpercussive,string,gui,high,not sustained,406.032775878906,1068.89196777344,300.285858154297,70.007568359375,0.136245429515839,0.003705399343744,0.000109448956209,0.01090747769922,0.012208266183734,0.002005813177675,1.67569453424221E-07,0.00273391767405,28065366,1356691.75,162283.203125,2080973.125,0.054615385830402,0.017523095011711,0.000769230769947,0.003590502077714,0.63921058177948,0.519734382629395,0.107048280537128,0.086638070642948,0.588545739650726,0.494882076978684,0.050694685429335,0.105922490358353,0.732420980930328,0.633155703544617,0.090832285583019,0.183786243200302,0.334151953458786,1.99689340591431,-0.901870489120483,0.193151921033859,0.3185034096241,0.125351492967222,1.5600981470464,2.08210875168687
gui_gref_g_mf_sol3_12,nonpercussive,string,gui,high,not sustained,585.826965332031,11489.8994140625,295.199584960937,650.093994140625,0.248215883970261,0.002951410831884,2.09648260351969E-05,0.015741854906082,0.015719233080745,0.001389485318214,8.21676337636745E-07,0.003017813665792,40903900,3809585.75,176525.40625,3989586.5,0.198461532592773,0.029755357652903,0,0.029424069449306,0.716957926750183,0.438678205013275,0.037361513823271,0.196026474237442,0.632416963577271,0.377548456192017,0.049553446471691,0.207029715180397,0.789732813835144,0.533069252967835,0.197676554322243,0.062917672097683,0.334627747535706,1.76167798042297,-1.38389050960541,0.319070309400559,0.360385477542877,0.041315164891619,2.08482837568515,2.29290191775246
harp_gref_mf_sol0_12,nonpercussive,string,harp,low,not sustained,219.818923950195,501.5390625,147.561050415039,65.2293319702148,0.289545714855194,0.030905244871974,0.00031936733285,0.038264848291874,0.021524330601096,0.002660124097019,2.53809184869169E-06,0.003122872440144,26771554,1810812.75,180879.84375,1821290.25,0.035384614020586,0.01029371842742,0,0.003852547379211,0.661873877048492,0.489666283130646,0.174516245722771,0.065566316246986,0.504121005535126,0.390000253915787,0.097579345107079,0.081568047404289,0.774490773677826,0.626981198787689,0.07112842798233,0.30452224612236,0.245408609509468,2.23777770996094,-1.00996124744415,0.03965986520052,0.137392297387123,0.097732442475696,1.09561978232571,1.37212064053316
harp_gref_mf_sol1_12,nonpercussive,string,harp,low,not sustained,300.126495361328,2845.94287109375,72.890495300293,136.401519775391,0.190185949206352,0.002300786785781,2.53921916737454E-05,0.006829829886556,0.015866857022047,0.001471849158406,2.32130432209487E-07,0.003138350322843,13045498,1637044.25,114123.9609375,2163786,0.213076919317245,0.013306492008269,0,0.011856297962368,0.803845822811127,0.521371245384216,0.057542942464352,0.097238652408123,0.580576241016388,0.432392627000809,0.065012104809284,0.123057536780834,0.877656221389771,0.656432032585144,0.109224498271942,0.033356290310621,0.15018218755722,2.54426312446594,-0.835890054702759,0.036916099488735,0.182834461331368,0.145918361811403,1.08871974535313,1.5234719460777
harp_gref_mf_sol2_12,nonpercussive,string,harp,low,not sustained,221.340637207031,3423.318359375,190.437225341797,107.089782714844,0.314874142408371,0.002613170538098,1.59279006766155E-05,0.014776316471398,0.035544559359551,0.001521418686025,1.08201099635608E-07,0.004888054914773,15232494,2099220.25,103353.9609375,1665151.75,0.486923068761826,0.010060609318316,0.000769230769947,0.015089208260179,0.811009526252747,0.595019280910492,0.089368291199207,0.093793652951717,0.629238247871399,0.454050213098526,0.089702479541302,0.088087327778339,0.941678404808044,0.708819150924683,0.106109358370304,0.028804559260607,0.135140299797058,1.84192740917206,-1.31646704673767,0.044263038784266,0.092517003417015,0.048253959266057,1.10729423491662,1.23741963621108
harp_gref_mf_sol3_12,nonpercussive,string,harp,low,not sustained,396.850494384766,892.89501953125,374.330078125,25.2038860321045,0.182249501347542,0.002818691777065,5.67932620469946E-05,0.010265428572893,0.012041038833559,0.001472610398196,6.64566982777615E-07,0.002665535081178,9271514,1562214.5,176179.625,1552690.5,0.045384615659714,0.016942013055086,0.001538461539894,0.003153261262923,0.752210259437561,0.564690709114075,0.088871970772743,0.107703626155853,0.650887668132782,0.515169680118561,0.085222490131855,0.102509237825871,0.830695569515228,0.670733213424683,0.10773566365242,0.188684523105621,0.234200850129127,2.20757365226746,-1.21291399002075,0.036643989384174,0.09789115935564,0.061247167684898,1.08803781439097,1.25282715851006
harp_gref_mf_sol4_12,nonpercussive,string,harp,high,not sustained,856.549865722656,2382.50170898438,236.825378417969,302.021606445312,0.904031097888946,0.015782780945301,0.00015755862114,0.052632868289948,0.056431692093611,0.002263973699883,1.51106792145583E-06,0.007391070015728,16198539,4696214.5,358036.65625,3111468.25,0.135384619235992,0.026537856087089,0,0.018055567517877,0.655459463596344,0.408487200737,0.05165521800518,0.115963615477085,0.647549748420715,0.313945561647415,0.036459911614657,0.192214414477348,0.702460050582886,0.493107885122299,0.110931716859341,0.103254094719887,0.205876067280769,1.57315194606781,-1.41887080669403,0.031043084338307,0.069160997867584,0.038117919917657,1.07409596312742,1.17262999215963
harp_gref_mf_sol5_12,nonpercussive,string,harp,high,not sustained,1285.62683105469,3696.51953125,95.8051605224609,601.028137207031,0.431504309177399,0.014671441167593,2.47628086071927E-05,0.040379609912634,0.024857435375452,0.001335962442681,1.64196228524816E-06,0.003384987823665,29543282,4589571,252025.15625,3648910.5,0.338461548089981,0.053105883300305,0,0.054896302521229,0.897058486938477,0.480256021022797,0.045628361403942,0.153353109955788,0.673023462295532,0.358542054891586,0.056595657020807,0.168812125921249,0.962478280067444,0.529160261154175,0.165342211723328,0.006309854332358,0.315200001001358,1.54464852809906,-1.56129443645477,0.02458049915731,0.052040815353394,0.027460318084396,1.05823104746153,1.12730339609966
harp_gref_mf_sol6_12,nonpercussive,string,harp,high,not sustained,1525.5380859375,3671.328125,128.318557739258,1192.24853515625,0.518201172351837,0.01168504729867,3.76947173208464E-05,0.041786581277847,0.022478071972728,0.000831841956824,2.54556243817206E-06,0.002358476398513,24806036,7118876.5,589932,3723975,0.347692310810089,0.080080173909664,0,0.076781630516052,0.753923952579498,0.375843375921249,0.055232934653759,0.17964693903923,0.530697524547577,0.200123593211174,0.046847049146891,0.132475957274437,0.823858439922333,0.434274286031723,0.192486703395844,0.03713969886303,0.330877721309662,1.4939455986023,-1.76706731319428,0.022698413580656,0.03979591652751,0.017097502929039,1.05365495436282,1.09596306063568
others_101137__cgeffex__Organ_play-ball-old1,nonpercussive,others,others,high,sustained,606.494567871094,1154.24267578125,298.731414794922,156.202133178711,0.109663560986519,0.020549887791276,0.000139452429721,0.022741327062249,0.010596853680909,0.004689679015428,7.47991043681395E-06,0.00346078700386,12680331,1432390.5,677947.75,1041672.875,0.083076924085617,0.029151974245906,0.00846153870225,0.01078246999532,0.477973014116287,0.387653559446335,0.094881735742092,0.060271497815847,0.438528329133987,0.346003830432892,0.156732082366943,0.036896865814924,0.5510413646698,0.458804428577423,0.057370521128178,0.182486012578011,0.537495315074921,2.22351479530334,0.055338468402624,0.073424033820629,1.20931971073151,1.13589573374682,1.18419721077097,16.1927164388103
others_101137__cgeffex__Organ_play-ball,nonpercussive,others,others,high,sustained,667.388427734375,1211.70031738281,419.127685546875,154.068832397461,0.076685197651386,0.01182013656944,0.000541077868547,0.010808805003762,0.009807432070374,0.004893662407994,4.47414713562466E-05,0.003470037830994,26149500,1635701.25,1029809.25,2508191.25,0.063846156001091,0.030637737363577,0.013076922856271,0.009439503774047,0.469184130430222,0.40943056344986,0.170202299952507,0.042028397321701,0.430729269981384,0.359098821878433,0.208831295371056,0.026221757754684,0.540730655193329,0.47578701376915,0.04522767290473,0.189675152301788,0.524467587471008,1.2773015499115,-0.450451850891113,0.034557823091745,0.38900226354599,0.354444424441731,1.08282387550445,2.44907600641339
others_158628__Hammond-tonewheel-organ,nonpercussive,others,others,high,sustained,462.341979980469,1622.53759765625,193.326812744141,266.900390625,0.260239899158478,0.082063466310501,0.013237741775811,0.050136003643274,0.015955731272698,0.006343344692141,0.00104563718196,0.002616815967485,22443008,3651956.75,1826641.625,1905675.75,0.053846154361963,0.019032254815102,0.003846153849736,0.008589085191488,0.519794225692749,0.421770423650742,0.18078576028347,0.056958720088005,0.396773904561996,0.316651791334152,0.130462408065796,0.04150477424264,0.63384610414505,0.512706637382507,0.062782764434815,0.27264791727066,0.581781506538391,1.29437637329102,0.117999859154224,0.011405895464122,1.32360541820526,1.31219947346053,1.02661095770341,21.0671320867384
others_168578_wah-clavinet-funky,nonpercussive,others,others,high,sustained,1439.01794433594,7691.88134765625,389.179962158203,2157.83862304687,0.178155362606049,0.047693941742182,7.40762625355273E-05,0.033105961978436,0.009081321768463,0.006270184181631,1.54312274958102E-07,0.003268665401265,24618358,3944465,483371.3125,7720897.5,0.728461563587189,0.112891249358654,0.019230769947171,0.198189795017242,0.484593331813812,0.414561986923218,0.236388951539993,0.057950880378485,0.502955138683319,0.415237247943878,0.114210247993469,0.109161496162415,0.563101768493652,0.426262080669403,0.154429897665977,0.020824756473303,0.561085939407349,0.28999999165535,-0.912205755710602,0.004761904943734,0.127165526151657,0.122403615022487,1.01102502387334,1.34018738650252
others_196006__corsica-s__fender,nonpercussive,others,others,low,sustained,295.962615966797,366.986663818359,267.717529296875,15.0496702194214,0.149924367666245,0.052364606410265,0.015210831537843,0.024180708453059,0.010106632485986,0.005908227525651,0.000310479168547,0.002578259445727,27697844,689237.375,107145.8671875,3473976.75,0.01615384593606,0.012983367778361,0.004615384619683,0.001884022378363,0.603274405002594,0.541305601596832,0.319776207208633,0.046702440828085,0.538533508777618,0.496280193328857,0.302262336015701,0.038204547017813,0.751624166965485,0.69952917098999,0.051714520901442,0.447221606969833,0.503944635391235,0.82494330406189,-0.86549186706543,0.009591836482286,0.145895689725876,0.136303853128322,1.02233172135472,1.39925120546217
others_208055__ueffects__deep-noise,nonpercussive,others,others,high,sustained,1488.21179199219,1941.99853515625,976.653259277344,189.76594543457,0.321733027696609,0.120894245803356,0.081258594989777,0.037599287927151,0.02006315253675,0.01636959053576,0.005642103031278,0.001877527218312,10503758,4867257.5,4317369.5,643772.6875,0.043076921254397,0.013474797829986,0.002307692309842,0.007103800773621,0.180811956524849,0.146643832325935,0.032969739288092,0.017967035993934,0.112045116722584,0.089533321559429,0.073990449309349,0.006851756945252,0.267643839120865,0.238226041197777,0.019698081538081,0.102594934403896,0.512475311756134,0.980181396007538,-1.25740492343903,0.013219954445958,0.068503402173519,0.055283442224423,1.03090810591313,1.17085577452729
others_25483__raggaman__rhodes-loop-01-116,nonpercussive,others,others,low,sustained,336.480041503906,349.045532226563,310.062316894531,8.62889862060547,0.172447249293327,0.028621301054955,0.002810173900798,0.045069791376591,0.009476713836193,0.008519156835973,0.003575559705496,0.001353308092803,8172717.5,1465566,571951,1727157.5,0.01615384593606,0.012076921761036,0.006923076696694,0.001901416690089,0.406148254871368,0.34142854809761,0.231676831841469,0.054860431700945,0.378551125526428,0.333075970411301,0.220411062240601,0.053091965615749,0.480502516031265,0.435854822397232,0.041206263005734,0.341154456138611,0.57585072517395,0.200476184487343,-0.942266643047333,0.009160997346044,0.123378686606884,0.114217685907863,1.02131802643503,1.32855239488974
per_102802__mhc__acoustic-tom6,percussive,percussive,per,low,sustained,180.661804199219,2049.12841796875,118.706726074219,191.808715820313,0.636399030685425,0.038813810795546,0.002240838017315,0.084354311227799,0.03069200553,0.004432826768607,1.01357391031343E-05,0.005502053070813,8600329,1707567.625,923024.8125,988391.875,0.256923079490662,0.011651587672532,0.004615384619683,0.035480294376612,0.536577880382538,0.435325443744659,0.058991245925427,0.093920662999153,0.376043915748596,0.299375265836716,0.053571105003357,0.063378587365151,0.69210022687912,0.56980812549591,0.116992056369782,0.147332742810249,0.450580447912216,1.15732431411743,-1.68206930160522,0.007868480868638,0.028662132099271,0.020793648504673,1.01828297066054,1.06822351046659
per_117005__cbeeching__soft-cymbal,percussive,percussive,per,high,not sustained,1874.20373535156,4804.7158203125,328.980102539062,1367.65979003906,0.915804982185364,0.056469351053238,0.006991514004767,0.060807820409536,0.041203744709492,0.003681121394038,0.000590293493588,0.003510625567287,28426854,6797516,4560566,1739333.875,0.497692316770554,0.078630283474922,0,0.091104820370674,0.399152606725693,0.195120826363564,0.049563691020012,0.08327566832304,0.201992854475975,0.115746937692165,0.039499882608652,0.028811858966947,0.487926065921783,0.264007449150085,0.11584834009409,0.031516466289759,0.293625265359879,1.62886619567871,-1.8706521987915,0.012244897894561,0.025714285671711,0.013469386070869,1.02859615818471,1.06099731698142
per_132585__rob10__kick-drum-e,percussive,percussive,per,low,sustained,49.0766525268555,189.088836669922,33.6074028015137,30.5268630981445,0.397004753351212,0.057493597269058,0.002035334473476,0.100745268166065,0.022117583081126,0.007843418978155,6.0156195104355E-05,0.007431992329657,17175592,1706096.25,30798.0625,3168994.25,0.010769230313599,0.002474012551829,0.000769230769947,0.00195204874035,1,0.94695645570755,0.426678150892258,0.136835739016533,0.588075220584869,0.531023025512695,0.247711807489395,0.071042701601982,1,0.97118490934372,0.091957755386829,0.569393575191498,0.498535186052322,0.406689345836639,-1.56889164447784,0.002539682434872,0.029523810371757,0.026984125964984,1.00586496688076,1.07034506340658
per_139501__robertmcdonald__big-hit-1,percussive,percussive,per,high,sustained,1398.38659667969,3990.59643554688,173.002075195313,1237.76708984375,0.288409262895584,0.044034145772457,0.00264086574316,0.05250109732151,0.016234118491411,0.002779034199193,0.000228364573559,0.003241038881242,19866430,5203390,1369265.25,2922591.75,0.293846160173416,0.080406725406647,0.003076923079789,0.081214413046837,0.377724558115005,0.185060515999794,0.029633523896337,0.10047535598278,0.259901434183121,0.130606546998024,0.058359649032354,0.066487111151219,0.549278795719147,0.293704599142075,0.135815352201462,0.054258100688458,0.466262817382813,0.979523837566376,-1.54200494289398,0.013582766056061,0.04229024797678,0.028707479086109,1.03176969112815,1.10227573708232
per_173838__rocknessmonster89__tom-high,percussive,percussive,per,low,sustained,135.234100341797,3195.9228515625,97.2561187744141,277.678588867187,0.327318847179413,0.012445108965039,0.0001207554742,0.044117715209723,0.026430474594236,0.003298599040136,2.03702838916797E-05,0.004804869648069,33527692,2400779.75,412434.21875,3525115.5,0.050769232213497,0.005588235333562,0.003076923079789,0.005484070628881,0.824400782585144,0.715584337711334,0.090885758399963,0.127984255552292,0.574104309082031,0.491177946329117,0.074832074344158,0.092535436153412,1,0.879122674465179,0.153433337807655,0.081144258379936,0.431756466627121,1.53927433490753,-1.61831402778626,0.012675737030804,0.036757368594408,0.02408163514477,1.02961707691225,1.08832190036779
per_183109__dwsd__prc-phat909roomtom,percussive,percussive,per,low,sustained,218.105255126953,1029.73059082031,126.71314239502,156.524490356445,0.327233076095581,0.055918902158737,0.002440864220262,0.073798701167107,0.018191602081061,0.005544889252633,1.19148244266398E-05,0.005342497956008,17059288,2861871.25,1247215,2861388,0.023076923564077,0.005268065258861,0.001538461539894,0.004835916217417,0.500805675983429,0.384486943483353,0.078212656080723,0.104748547077179,0.287303626537323,0.218718409538269,0.099051788449287,0.048172179609537,0.643720030784607,0.526707231998444,0.119512364268303,0.153622210025787,0.512687563896179,0.349614500999451,-1.50487434864044,0.007414965890348,0.0386848077178,0.031269839444716,1.01722017672662,1.09316270776289
per_212208__alexthegr81__tapesnare-15,percussive,percussive,per,high,sustained,2193.767578125,4286.251953125,592.249084472656,1194.08666992188,0.223864212632179,0.037438526749611,0.000770931539591,0.052493765950203,0.009915091097355,0.002809548284858,1.56250080181053E-05,0.003233222989365,12312428,5232925,2926194.5,1971166.125,0.253076910972595,0.111612893640995,0.029999999329448,0.077053815126419,0.194205835461616,0.139172434806824,0.055011298507452,0.035907551646233,0.261167645454407,0.191264778375626,0.115430355072021,0.047217566519976,0.251985162496567,0.143402144312859,0.063582204282284,0.051762405782938,0.510087192058563,0.332131505012512,-1.60344088077545,0.007369614671916,0.032290250062943,0.024920635854175,1.01711395901546,1.07718488320767
per_34828__zin__hi-snare-1,percussive,percussive,per,high,sustained,1131.34106445313,1378.29016113281,312.969573974609,161.44905090332,0.447438329458237,0.016163315623999,0.000240866895183,0.066972486674786,0.028804322704673,0.001912176958285,0.000321856758092,0.003788683563471,7713055.5,2782636.25,1009763.25,1397026.625,0.053846154361963,0.023517368361354,0,0.020703922957182,0.451141834259033,0.347847998142242,0.1575957685709,0.071368269622326,0.458744674921036,0.327356725931168,0.072580985724926,0.09339202940464,0.475684076547623,0.389487653970718,0.068194128572941,0.195968955755234,0.429426580667496,1.42156457901001,-1.95780229568481,0.004897959064692,0.015918366611004,0.011020408785489,1.01134180355876,1.03733341218652
per_39663__markgia__cymbal-swish-long,percussive,percussive,per,high,not sustained,1296.76489257813,3297.025390625,343.034912109375,883.425354003906,0.167162418365479,0.018598569557071,0.000677239033394,0.029048016294837,0.011555714532733,0.001352913095616,5.38451877218904E-06,0.002033567987382,29134982,2204897,682540.25,1231630.125,0.163076922297478,0.053999710828066,0.001538461539894,0.036017831414938,0.430595695972443,0.200831830501556,0.06459703296423,0.081809006631374,0.465650260448456,0.25575315952301,0.13918724656105,0.06285759806633,0.54844731092453,0.273967415094376,0.119887232780457,0.062986589968205,0.342394560575485,2.95274376869202,0.162846073508263,1.54757368564606,3.00251698493958,1.45494331530711,35.2836646441786,1005.81239881987
per_41439__sandyrb__srbm-tom-003,percussive,percussive,per,low,sustained,149.021911621094,2023.36730957031,58.1808662414551,255.308151245117,1.08345377445221,0.038577180355787,0.001363386632875,0.125076562166214,0.050564292818308,0.009857076220214,0.000262549059698,0.008973457850516,29762520,2507589.5,1123460.5,3077199,0.01615384593606,0.003520948346704,0.000769230769947,0.002071525203064,0.792714893817902,0.582920610904694,0.080283708870411,0.139770582318306,0.486302763223648,0.335265547037125,0.069177024066448,0.089869886636734,0.977933466434479,0.74700540304184,0.165904760360718,0.167039290070534,0.439196556806564,1.40764176845551,-2.03059673309326,0.00140589568764,0.010725623928011,0.009319728631476,1.0032424398252,1.02500415041721
per_56436__surfjira__kick-feltbeater-medium,percussive,percussive,per,low,sustained,170.309631347656,443.854125976563,94.2103118896484,92.007926940918,0.72538298368454,0.212598368525505,0.00552928680554,0.255952686071396,0.04228063300252,0.009040292352438,0.000312408112222,0.012155369855464,20119314,5390828.5,2229733.25,4981426.5,0.013846153393388,0.006643356289715,0.003076923079789,0.003506280016154,0.516288459300995,0.45066624879837,0.295460104942322,0.059778623282909,0.287117898464203,0.217384055256844,0.162329986691475,0.041240584105253,0.655694782733917,0.586333215236664,0.065242879092693,0.411990940570831,0.536143481731415,0.103378683328629,-2.16587209701538,0.00587301608175,0.012698412872851,0.006825396776027,1.01361497022839,1.02967083776971
per_56454__surfjira__snare-rimshot-hard3,percussive,percussive,per,high,sustained,1878.17956542969,2662.765625,635.682556152344,547.457336425781,0.281098544597626,0.034808840602636,0.000787718920037,0.067216128110886,0.012275251559913,0.001746596070006,3.91034973290516E-06,0.003235598560423,15830075,5098894,3867792,2338768,0.124615386128426,0.083786979317665,0.009999999776483,0.031514585018158,0.208222150802612,0.121128149330616,0.055187225341797,0.02927209995687,0.186239928007126,0.16391795873642,0.120640464127064,0.013275999575853,0.253075480461121,0.129004806280136,0.042324539273977,0.081370428204537,0.497181564569473,0.276598632335663,-1.93943059444428,0.001836734707467,0.013333333656192,0.011496599584244,1.00423819380507,1.03117727535964
per_56461__surfjira__tom1-medium,percussive,percussive,per,low,sustained,156.152114868164,730.260925292969,124.212799072266,77.1250228881836,0.22101154923439,0.011403361335397,0.0002921113919,0.034477062523365,0.01502869091928,0.002940829843283,8.83254233485786E-06,0.003658754751086,33346850,1347062,130285.6015625,4338706,0.020769231021404,0.006767283659428,0.003076923079789,0.00315238465555,0.727258861064911,0.615602672100067,0.118772603571415,0.110544174909592,0.547236204147339,0.459707468748093,0.081046096980572,0.087147980928421,0.924961388111114,0.785885214805603,0.134604007005692,0.228489980101585,0.465961337089539,0.885805010795593,-1.60186314582825,0.003378684865311,0.02839002199471,0.025011333906204,1.00781004997323,1.06755441753482
per_56471__surfjira__tom2-medium,percussive,percussive,per,low,sustained,98.8740844726562,606.818054199219,78.3137893676758,39.9861335754395,0.585926473140717,0.014653355814517,0.000331988820108,0.06257077306509,0.037452723830938,0.005811207462102,0.00033080225694,0.007074932567775,4479358,1026901.9375,144698.28125,841391.3125,0.009230769239366,0.004341249354184,0.003076923079789,0.000759186281357,0.84094774723053,0.729196667671204,0.154618173837662,0.096507482230663,0.573038697242737,0.50201803445816,0.078951209783554,0.072491303086281,1,0.912521600723267,0.114028207957745,0.276572614908218,0.403988003730774,1.72319722175598,-1.6576669216156,0.003356009023264,0.025351474061608,0.021995461488976,1.00775743050451,1.06011132506932
per_86334__zgump__tom-0104,percussive,percussive,per,low,sustained,177.041854858398,2082.72265625,54.3281402587891,277.210174560547,0.268357038497925,0.048717305064201,0.000953600101639,0.073974274098873,0.020187206566334,0.004783152602613,0.000118195843243,0.005190543830395,14684192,2097498.5,745871.875,2035708.25,0.030769230797887,0.004979023709893,0.002307692309842,0.005089523736388,0.678859889507294,0.51776248216629,0.078910395503044,0.134602844715118,0.405339688062668,0.302356481552124,0.088430017232895,0.083538353443146,0.870869696140289,0.67713463306427,0.167987838387489,0.128007888793945,0.489673763513565,0.607981860637665,-1.32762980461121,0.005623582750559,0.052653059363365,0.047029482010333,1.01303297626391,1.12889372593583
per_snare,percussive,percussive,per,high,sustained,1259.0361328125,2814.36010742188,345.841552734375,706.446533203125,0.199930056929588,0.041664458811283,0.001119662309065,0.056791625916958,0.012545300647616,0.002303178654984,4.9431106162956E-05,0.003006761427969,25392514,6853929,4168369.75,3635848.25,0.184615388512611,0.084258235991001,0.010769230313599,0.047502052038908,0.185434192419052,0.109734870493412,0.043690338730812,0.040738668292761,0.161552131175995,0.112219750881195,0.086920402944088,0.023663025349379,0.297658175230026,0.173531919717789,0.065156705677509,0.059409372508526,0.500150978565216,0.306462585926056,-1.92593693733215,0.004058957099915,0.015918366611004,0.011859409427799,1.00938990523018,1.03733341218652
sax_gref_mf_sol2_12,nonpercussive,wind,sax,high,sustained,572.662353515625,2278.0068359375,183.786087036133,157.768417358398,0.024146994575858,0.003582794452086,0.000208691330045,0.002037627622485,0.008930169045925,0.006121409591287,2.38267184613505E-05,0.003289825282991,25859026,2095691.25,545554.5,2806489.5,0.044615384191275,0.020827999338508,0,0.007888588123024,0.563506543636322,0.360398501157761,0.10659047216177,0.046300418674946,0.465069353580475,0.356810748577118,0.036535788327456,0.117574632167816,0.630552530288696,0.439226388931274,0.043147798627615,0.182594776153564,0.458660781383514,8.34077072143555,-0.247385442256927,0.27018141746521,0.835918366909027,0.565736966913032,1.86286514722909,6.85359389301304
sax_gref_mf_sol3_12,nonpercussive,wind,sax,high,sustained,500.212890625,1991.1865234375,212.027130126953,177.199127197266,0.019974572584033,0.002993354573846,0.000395169161493,0.001915511325933,0.008959021419287,0.005672407336533,2.14369156310568E-05,0.003140063723549,26586106,2246744,402563.125,2988119.25,0.036153845489025,0.021407976746559,0,0.010239916853607,0.593585848808289,0.459270030260086,0.134956255555153,0.056106697767973,0.552826642990112,0.388068318367004,0.037821240723133,0.144637241959572,0.675121545791626,0.526948213577271,0.052742373198271,0.242066755890846,0.4893858730793,8.33555603027344,-0.348278224468231,0.626303851604462,1.07476186752319,0.448457999766024,4.22964435372184,11.8785072618152
sax_gref_mf_sol4_12,nonpercussive,wind,sax,high,sustained,1442.80322265625,2488.244140625,207.237442016602,305.435638427734,0.071630634367466,0.009305080398917,0.000989246647805,0.006849320605397,0.008593241684139,0.00550251128152,4.51929408882279E-05,0.00244335597381,22458904,2871783.75,941779.75,2314558,0.108461536467075,0.039599444717169,0,0.022976770997048,0.68371856212616,0.4075728058815,0.257223755121231,0.059248842298985,0.537810325622559,0.369125455617905,0.048160012811422,0.11160583794117,0.723928272724152,0.44794037938118,0.065791085362434,0.285087913274765,0.482451915740967,9.44034004211426,-0.224103197455406,0.330907016992569,0.927800476551056,0.596893435362378,2.14243185459572,8.46838270556821
tbtb_gref_mf_sol1_12,nonpercussive,wind,tbtb,high,sustained,585.667602539063,1279.3935546875,358.561096191406,97.7983474731445,0.052665870636702,0.010895241051912,0.000199439746211,0.006322070024908,0.0095444181934,0.006355953868479,1.47231285154703E-05,0.00345347635448,13156190,1389616.375,246181.4375,2572330.5,0.051538459956646,0.019675912335515,0,0.006041149608791,0.539629995822907,0.376654446125031,0.16407635807991,0.050676371902227,0.465781658887863,0.392328590154648,0.036291100084782,0.12957926094532,0.575491905212402,0.480496108531952,0.054484527558088,0.225210189819336,0.489772975444794,5.94784593582153,-0.318225651979446,0.38873016834259,0.86931973695755,0.480589577448271,2.4475420861038,7.40149988892236
tbtb_gref_mf_sol2_12,nonpercussive,wind,tbtb,high,sustained,489.712860107422,1435.96618652344,269.124267578125,144.741943359375,0.045978292822838,0.003462718334049,0.000145728161442,0.003437702311203,0.009406542405486,0.006324775516987,6.27511053608032E-06,0.003522027283907,14621370,1574455.5,237609.859375,2819183.75,0.035384614020586,0.009619143791497,0,0.004336726851761,0.508872628211975,0.433323949575424,0.125762566924095,0.060592532157898,0.492452532052994,0.396167546510696,0.039266705513001,0.141625821590424,0.639565765857697,0.537452936172485,0.064956851303578,0.1970124989748,0.503924429416657,6.31619024276733,-0.178253293037415,0.505850315093994,1.16920638084412,0.663356069212046,3.20516443497758,14.7640796962491
tbtb_gref_mf_sol3_12,nonpercussive,wind,tbtb,high,sustained,639.894165039063,11084.2099609375,372.169006347656,442.843902587891,0.050136588513851,0.002214174484834,4.87948491354473E-05,0.003630388062447,0.009243346750736,0.005995528306812,1.94235190065228E-06,0.003664518008009,40005608,1669188,254568.40625,3078300.25,0.050769232213497,0.016861841082573,0,0.006999732926488,0.59356415271759,0.487461477518082,0.099113151431084,0.081127420067787,0.55710756778717,0.441608190536499,0.039858750998974,0.160801932215691,0.655505418777466,0.548085570335388,0.076215088367462,0.183733448386192,0.478164523839951,6.25526094436646,-0.501267611980438,0.321088433265686,0.636394560337067,0.315306111041202,2.09453891316677,4.32906952185143
trpu_gref_mf_sol2_12,nonpercussive,wind,trpu,high,sustained,1102.646484375,2151.25732421875,542.059875488281,150.773788452148,0.069472305476666,0.006466643884778,0.000206858996535,0.005362345371395,0.009742082096636,0.006458976306021,3.24396819451067E-06,0.003265121951699,20735768,1811255.375,548286.4375,2651213.25,0.079999998211861,0.040268931537867,0.000769230769947,0.010187180712819,0.358397394418716,0.292641818523407,0.073703721165657,0.04853168874979,0.433518201112747,0.355422228574753,0.033943355083466,0.111217096447945,0.46502298116684,0.352066487073898,0.038060706108809,0.162288919091225,0.475975334644318,7.16145133972168,-0.302233099937439,0.153854876756668,0.652471661567688,0.498616791818113,1.42513129412491,4.49233010517926
trpu_gref_mf_sol3_12,nonpercussive,wind,trpu,high,sustained,1220.41845703125,2565.34228515625,681.427124023438,191.049743652344,0.038395572453737,0.003159339539707,8.66164700710215E-05,0.002589696552604,0.00951065402478,0.006182702258229,5.79964853386628E-06,0.003555947216228,11086452,2066555.125,541355.4375,2734603.5,0.070769228041172,0.048258811235428,0.002307692309842,0.010306633077562,0.500955820083618,0.397854626178742,0.079148046672344,0.100117444992065,0.51190173625946,0.415535777807236,0.0253626704216,0.143876075744629,0.499071508646011,0.403818726539612,0.065062969923019,0.15522201359272,0.470257133245468,6.17106580734253,0.061433676630259,0.178095236420631,1.33004534244537,1.15195012609551,1.5069374862213,21.3818531474224
trpu_gref_mf_sol4_12,nonpercussive,wind,trpu,high,sustained,1323.646484375,2919.50610351563,673.892639160156,279.832397460937,0.060917098075152,0.004273626487702,5.58789179194719E-05,0.004008796066046,0.008986142463982,0.005704377777874,2.89784566120943E-06,0.003215579083189,14137361,2279144.25,632386.4375,2656603.25,0.082307688891888,0.044494889676571,0.0053846151568,0.016066612675786,0.600329160690308,0.47909551858902,0.059826292097569,0.119280301034451,0.605827748775482,0.476965546607971,0.025813523679972,0.157612800598145,0.619636595249176,0.499776393175125,0.093213640153408,0.14040133357048,0.488959640264511,6.68308401107788,0.486004561185837,0.273877561092377,3.33587312698364,3.0619955921872,1.87878706320297,2167.07093308566
tubb_gref_mf_sol0_12,nonpercussive,wind,tubb,low,sustained,299.086090087891,1097.79992675781,193.833068847656,150.024078369141,0.244749963283539,0.090704597532749,0.000752689607907,0.056121695786715,0.015729490667582,0.006879998836666,8.12549042166211E-05,0.004094338510185,12680203,1839276.625,299220.25,2863666.5,0.046153847128153,0.009927737526596,0,0.004863580223173,0.533241927623749,0.44688069820404,0.14958867430687,0.063918828964233,0.49153670668602,0.351865768432617,0.038176909089089,0.124325387179852,0.67739200592041,0.587567687034607,0.079141229391098,0.269389301538467,0.49425008893013,3.68253970146179,-0.160138756036758,0.108344674110413,0.799954652786255,0.691609967903556,1.28334869733842,6.30891465992146
tubb_gref_mf_sol1_12,nonpercussive,wind,tubb,high,sustained,413.661926269531,2377.1962890625,183.516815185547,237.787994384766,0.041510209441185,0.012728522531688,0.000326125853462,0.007071003783494,0.009460263885558,0.005930121056736,1.57676986418664E-05,0.003513869363815,9226271,1458012.5,246315.84375,2532715.75,0.034615386277437,0.013140336610377,0,0.004048668779433,0.529521226882935,0.454446613788605,0.108270868659019,0.076154701411724,0.504893243312836,0.411169111728668,0.035467941313982,0.142395034432411,0.687422931194305,0.589111626148224,0.092156663537026,0.212608575820923,0.492211759090424,4.03365087509155,0.008716026321054,0.101995468139648,1.12226760387421,1.02027213657708,1.2647231500237,13.2515782034145
vcl_gref_a_mf_sol3_12,nonpercussive,string,vcl,high,sustained,991.598754882813,1610.10961914063,399.615386962891,287.036254882812,0.031933441758156,0.013160637579858,0.000435260066297,0.006485993042588,0.009744469076395,0.005284482147545,4.42000637121964E-05,0.002670742571354,8803879,2764440.25,1113273.375,1303312.875,0.090000003576279,0.046976894140244,0.000769230769947,0.018660673871636,0.439814299345017,0.266133844852447,0.13553985953331,0.03426069021225,0.398587375879288,0.289686143398285,0.051084719598293,0.040603943169117,0.523981094360352,0.30294269323349,0.057537712156773,0.224069878458977,0.497270792722702,7.71113395690918,-0.10562614351511,0.214943304657936,0.999047636985779,0.784104337854649,1.64037561499299,9.97809505762128
vcl_gref_a_mf_sol4_12,nonpercussive,string,vcl,high,sustained,1781.42199707031,2627.36987304687,222.671890258789,344.853332519531,0.078272178769112,0.03026227094233,0.001362877199426,0.014213689602912,0.009834469296038,0.005270899273455,8.46647453727201E-05,0.002329790266231,24154506,2949374.25,1729956.625,1382275.125,0.116153843700886,0.067374229431152,0.001538461539894,0.023123905062676,0.476237654685974,0.256588697433472,0.095005840063095,0.037301078438759,0.363202124834061,0.295913964509964,0.069882638752461,0.052258785814047,0.585931956768036,0.286361306905746,0.051854904741049,0.150994300842285,0.493671357631683,7.17657613754272,0.025575168430805,0.209886625409126,1.27054417133331,1.0606575028985,1.62138677156115,18.6442179569437
vcl_gref_c_mf_sol1_12,nonpercussive,string,vcl,low,sustained,269.519500732422,1532.85705566406,110.096199035645,132.710021972656,0.026732187718153,0.0114751374349,0.00042788637802,0.005407058633864,0.013468032702804,0.007292835041881,3.54057556251064E-05,0.00389428017661,19729538,1944374.625,588632,2111615.5,0.04076923057437,0.011767221614719,0.001538461539894,0.0048712878488,0.474577367305756,0.33998104929924,0.1451465934515,0.045380543917418,0.349556773900986,0.253289610147476,0.045679025352001,0.052744749933481,0.631831586360931,0.467502117156982,0.054827343672514,0.206844508647919,0.453538328409195,6.55231285095215,-0.081278011202812,0.194761902093887,1.02408158779144,0.829319713144096,1.56589234883601,10.5701606459422
vcl_gref_c_mf_sol2_12,nonpercussive,string,vcl,high,sustained,478.680297851563,867.286926269531,160.576675415039,108.901802062988,0.038712326437235,0.016495721414685,0.000658012751956,0.007794841192663,0.012031152844429,0.005841020960361,1.7667502106633E-05,0.003181868698448,18038530,2078395.375,867848.5,1827363,0.050000000745058,0.019816311076284,0.000769230769947,0.008337996900082,0.494425624608994,0.285329729318619,0.189765587449074,0.035210978239775,0.359641969203949,0.285733669996262,0.053869485855103,0.045201048254967,0.615081667900085,0.382005751132965,0.038332596421242,0.288679391145706,0.462927609682083,7.17480707168579,0.193408563733101,0.244671195745468,1.80569159984589,1.56102034648123,1.75659319407995,63.9280709778623
vcl_gref_d_mf_sol2_12,nonpercussive,string,vcl,high,sustained,512.566284179688,1193.01635742188,273.436798095703,105.046348571777,0.035902366042137,0.013877209275961,0.000537113461178,0.006526405457407,0.011756924912334,0.005901523400098,4.33068562415428E-05,0.002627494046465,27513570,1999093.125,993708.4375,1550948.5,0.049230769276619,0.021174587309361,0.000769230769947,0.006973121780902,0.371701151132584,0.257788211107254,0.108451329171658,0.02591465972364,0.33542412519455,0.252175033092499,0.04984088242054,0.043276119977236,0.474244743585587,0.342956751585007,0.02709679864347,0.209551587700844,0.461622983217239,6.95786857604981,-0.447102874517441,0.180430844426155,0.537619054317474,0.357188218338489,1.51506353093399,3.44841125844898
vcl_gref_d_mf_sol3_12,nonpercussive,string,vcl,high,sustained,965.565368652344,3279.17504882812,452.655303955078,364.7333984375,0.064924784004688,0.021167580038309,0.001395001774654,0.012253681197763,0.011405924335122,0.004755237139761,2.9106324291206E-05,0.002329125301912,6563899,1893075.625,1117772.5,492379.0625,0.167692303657532,0.043733488768339,0.0053846151568,0.017998365685344,0.336276799440384,0.268905013799667,0.039519373327494,0.043929435312748,0.380994647741318,0.315932720899582,0.102124482393265,0.040142215788364,0.429977804422379,0.310966461896896,0.042534861713648,0.067793823778629,0.435975134372711,5.25460338592529,-0.264462649822235,0.227482989430428,0.771405875682831,0.543922908146519,1.68842972529672,5.90752918262809
vcl_gref_g_mf_sol1_12,nonpercussive,string,vcl,low,not sustained,281.91064453125,1552.02526855469,105.282485961914,161.724472045898,0.064669795334339,0.011446460150182,0.0009700722876,0.006665125954896,0.015382203273475,0.006162856705487,3.29068570863455E-05,0.004822061397135,22554760,2915045.5,557376.75,2717844.25,0.07230769097805,0.013060381636024,0,0.007539920974523,0.610503017902374,0.365898847579956,0.142528101801872,0.096516333520413,0.378431707620621,0.255528628826141,0.038544844835997,0.066713511943817,0.740571141242981,0.49741131067276,0.107345223426819,0.25055256485939,0.377116173505783,7.27111101150513,0.012932854704559,0.376893430948258,1.40712022781372,1.03022682706968,2.38173495725768,25.5340807696876
vcl_gref_g_mf_sol2_12,nonpercussive,string,vcl,high,sustained,482.808563232422,1273.95190429688,258.671813964844,111.91446685791,0.031810224056244,0.013584832660854,0.000587662041653,0.004829943645746,0.011029886081815,0.006360411178321,4.94887081003981E-06,0.002569121541455,7593270,1691035.5,935284.25,915592.375,0.050769232213497,0.02581169642508,0.001538461539894,0.008808537386358,0.368528336286545,0.274555385112762,0.075210213661194,0.027968736365438,0.329731166362762,0.273143976926804,0.053512889891863,0.040750574320555,0.486571878194809,0.366084635257721,0.028498288244009,0.150130301713943,0.469129323959351,7.46378707885742,-0.009216262958944,0.159478455781937,1.13848078250885,0.979002356210351,1.44370498407039,13.7556394034988
vln_gref_a_mf_sol4_12,nonpercussive,string,vln,high,sustained,2277.224609375,3359.544921875,326.495819091797,781.287658691406,0.043501537293196,0.015903050079942,0.001430522068404,0.006712944246829,0.008330032229424,0.00408564414829,8.12662437965628E-06,0.002098880475387,21047360,3530605,2075882.625,1916992.5,0.137692302465439,0.074999988079071,0,0.029795465990901,0.425616711378098,0.236425846815109,0.082809664309025,0.041378300637007,0.345788985490799,0.263238817453384,0.042762078344822,0.081793628633022,0.506855547428131,0.25767308473587,0.063158094882965,0.149672493338585,0.474161744117737,7.55308389663696,0.327008903026581,0.584104299545288,2.70739221572876,2.12328798890749,3.83799407145059,509.791060675804
vln_gref_a_mf_sol5_12,nonpercussive,string,vln,high,sustained,2709.49072265625,3647.74072265625,241.964141845703,995.549743652344,0.039553102105856,0.016232490539551,0.001516598393209,0.007585586979985,0.005851042922586,0.003278500866145,2.97335554932943E-05,0.001821013051085,18042158,3582067,2102178.5,1900790.5,0.18538461625576,0.108355566859245,0.000769230769947,0.051313742995262,0.446252554655075,0.257324427366257,0.097989805042744,0.045178428292275,0.381171196699142,0.282025337219238,0.038207102566958,0.091059975326061,0.544078648090362,0.286615908145905,0.074609540402889,0.188284188508987,0.480713158845902,5.82190465927124,0.024906184524298,0.480408161878586,1.53943312168121,1.05902493189601,3.02279128809098,34.628455509782
vln_gref_d_mf_sol3_12,nonpercussive,string,vln,high,sustained,1738.0205078125,2274.9248046875,312.284698486328,465.721588134766,0.041783884167671,0.015545794740319,0.001731818425469,0.006188077386469,0.008122811093926,0.004365181084722,8.33871890790761E-05,0.002178688533604,17774934,2919555.75,1865853.875,1855295.875,0.106153845787048,0.058249454945326,0,0.019990038126707,0.476938873529434,0.209415405988693,0.118430875241756,0.043380584567785,0.33612123131752,0.264823019504547,0.040788095444441,0.076336398720741,0.537417113780975,0.234996184706688,0.064335517585278,0.17487995326519,0.480943322181702,7.34430837631226,-0.027385791763663,0.471564620733261,1.41045355796814,0.938888907753314,2.96186064188393,25.730815927812
vln_gref_d_mf_sol4_12,nonpercussive,string,vln,high,sustained,1674.05114746094,2946.33618164062,354.630249023438,514.299194335938,0.061598956584931,0.025594126433134,0.002355771837756,0.010834665037692,0.010305929929018,0.004899249412119,0.000220494752284,0.002472545020282,21483698,3488226.5,2123808,1963900.875,0.108461536467075,0.055553421378136,0.000769230769947,0.023043150082231,0.456763654947281,0.245605230331421,0.134657874703407,0.045902866870165,0.374448418617248,0.280264973640442,0.033149294555187,0.084865972399712,0.553513467311859,0.280576854944229,0.065680719912052,0.152966544032097,0.477524608373642,6.71789121627808,0.282931745052338,0.364376425743103,2.28274369239807,1.91836722096521,2.31406964639243,191.753673388904
vln_gref_e_mf_sol4_12,nonpercussive,string,vln,high,sustained,2586.67749023438,3623.69848632812,277.697479248047,978.478271484375,0.050680883228779,0.017786687240005,0.000931273913011,0.008120031096041,0.006988245993853,0.00360160227865,4.46364538220223E-05,0.00187055405695,9761762,3757852.75,2054752.75,1668199.75,0.179230764508247,0.10327310860157,0,0.052050232887268,0.490519106388092,0.238332137465477,0.103775903582573,0.057900868356228,0.392420887947083,0.246523916721344,0.039587076753378,0.073005884885788,0.560154795646668,0.25115293264389,0.086265750229359,0.154959827661514,0.493943959474564,6.96083879470825,-0.174248695373535,0.511496603488922,1.18099772930145,0.669501114993022,3.24710702674769,15.1704243561769
vln_gref_e_mf_sol5_12,nonpercussive,string,vln,high,sustained,2984.0517578125,4063.60400390625,357.823516845703,733.505798339844,0.052366856485605,0.020544473081827,0.001419145031832,0.008116077631712,0.006697902921587,0.003733568591997,4.98004083056003E-05,0.001534317503683,17896766,4140626.75,1799596.25,1479640.625,0.326153844594955,0.13240259885788,0,0.060744788497686,0.512895405292511,0.248095735907555,0.089291572570801,0.057841088622809,0.365228205919266,0.270609855651856,0.041454669088125,0.067000389099121,0.618410110473633,0.272572547197342,0.072443827986717,0.174996539950371,0.525693535804749,7.80004549026489,0.244004875421524,0.342290252447128,2.09619045257568,1.75390019114269,2.19932926154338,124.793065336461
vln_gref_g_mf_sol2_12,nonpercussive,string,vln,high,sustained,1036.06420898438,1638.09948730469,213.198440551758,442.29248046875,0.034438543021679,0.014387196861208,0.001884964993224,0.005551288370043,0.008679655380547,0.004918115679175,2.07928642339539E-05,0.003008587053046,21075530,3585021.25,1466934.25,2293160,0.079999998211861,0.040414173156023,0.000769230769947,0.018244359642267,0.46437594294548,0.21384285390377,0.07065211981535,0.064076244831085,0.325619488954544,0.224523931741714,0.047635264694691,0.069772280752659,0.560305893421173,0.278045803308487,0.089638717472553,0.159216895699501,0.486430197954178,6.94213151931763,0.1507807970047,0.675963699817658,2.09104299545288,1.41507936164803,4.74202347752005,123.322691749996
vln_gref_g_mf_sol3_12,nonpercussive,string,vln,high,sustained,1252.16174316406,1721.34020996094,253.733215332031,322.092651367188,0.052730187773705,0.016387397423387,0.000991329434328,0.008037837222219,0.008821625262499,0.004581797868013,8.51261065690778E-05,0.00253815879114,19979746,2906523.25,1621379.25,2065457.125,0.086153842508793,0.056147463619709,0,0.022144252434373,0.480025708675384,0.25820404291153,0.126128852367401,0.048642184585333,0.383312582969665,0.292576968669891,0.039235811680555,0.096121042966843,0.551093339920044,0.296466529369354,0.060518182814121,0.226503387093544,0.462238729000092,6.94213151931763,0.1507807970047,0.675963699817658,2.09104299545288,1.41507936164803,4.74202347752005,123.322691749996
