{
  "coord": { "lon": -0.12574, "lat": 51.50853 },
  "sys": { "country": "GB", "sunrise": 1382423867, "sunset": 1382460717 },
  "weather": [{ "id": 520, "main": "Rain", "description": "light intensity shower rain", "icon": "09n" }],
  "base": "global stations",
  "main": { "temp": 16.49, "pressure": 1000, "humidity": 72, "temp_min": 15, "temp_max": 18 },
  "wind": { "speed": 5.1, "deg": 170 },
  "rain": { "3h": 0 },
  "clouds": { "all": 36 },
  "dt": 1382410200,
  "id": 2643743,
  "name": "London",
  "cod": 200
}